id,name,category,subcategory,description,address,hours,link,good_to_know,last_verified
sin-application,Social Insurance Number (SIN),first-week,paperwork,Apply for the number needed to work in Canada and access certain government programs.,Online or Service Canada centre,Online; in-person hours vary,https://www.canada.ca/en/employment-social-development/services/sin/apply.html,Use the official Service Canada application. Keep your SIN private.,2026-09-26
phone-plan,Rogers mobile plans,first-week,phone-plans,"Explore Rogers phone plans, SIM and eSIM options for Fredericton.",Online,Website available anytime,https://www.rogers.com/mobility/new-brunswick/fredericton,Compare bring-your-own-phone and device financing; check coverage and the full monthly cost.,2026-09-26
bell-mobile-plans,Bell mobile plans,first-week,phone-plans,Compare Bell phone plans and bring-your-own-device options.,Online,Website available anytime,https://www.bell.ca/Mobility/Cell_phone_plans,Choose New Brunswick to see local offers; check activation fees and coverage.,2026-09-26
telus-mobile-plans,TELUS mobile plans,first-week,phone-plans,"Browse TELUS phone plans, including bring-your-own-phone options.",Online,Website available anytime,https://www.telus.com/en/mobility/plans,"Check coverage, international calling needs and device financing before signing up.",2026-09-26
eastlink-mobile-plans,Eastlink mobile plans,first-week,phone-plans,Browse Eastlink mobile plans available in New Brunswick.,Online,Website available anytime,https://www.eastlink.ca/mobile/plans,Compare the local and nationwide data allowances and check coverage in Fredericton.,2026-09-26
fido-mobile-plans,Fido mobile plans,first-week,phone-plans,Compare Fido phone plans for your own phone or a new device.,Online,Website available anytime,https://www.fido.ca/plans,Choose New Brunswick on the site to confirm plans and total monthly cost.,2026-09-26
virgin-plus-mobile-plans,Virgin Plus mobile plans,first-week,phone-plans,Browse Virgin Plus phone plans and SIM options.,Online,Website available anytime,https://www.virginplus.ca/en/plans/postpaid.html,"Check New Brunswick eligibility, bring-your-own-phone offers and activation fees.",2026-09-26
koodo-mobile-plans,Koodo mobile plans,first-week,phone-plans,"Explore Koodo phone plans, including bring-your-own-phone options.",Online,Website available anytime,https://www.koodomobile.com/en/rate-plans,Check New Brunswick offers and whether your phone supports the required SIM or eSIM.,2026-09-26
public-mobile-plans,Public Mobile plans,first-week,phone-plans,Compare Public Mobile subscription phone plans and online activation.,Online,Website available anytime,https://www.publicmobile.ca/en/plans,Select New Brunswick and check eSIM compatibility and coverage before subscribing.,2026-09-26
chatr-prepaid-plans,chatr prepaid plans,first-week,phone-plans,"Explore chatr prepaid phone plans with talk, text and data.",Online,Website available anytime,https://www.chatrwireless.com/plans,Prepaid can help if you do not yet have Canadian credit history; check coverage and data limits.,2026-09-26
lucky-mobile-plans,Lucky Mobile prepaid plans,first-week,phone-plans,Browse Lucky Mobile prepaid phone plans and SIM options.,Online,Website available anytime,https://www.luckymobile.ca/shop/plans/prepaid,Select New Brunswick on the site; compare data limits and top-up options.,2026-09-26
bank-account,Open a bank account,first-week,banking,Learn what identification a bank can accept and how to compare accounts before visiting a branch.,Online; bank branch of your choice,Branch hours vary; call to confirm,https://www.canada.ca/en/financial-consumer-agency/services/banking/opening-bank-account.html,Ask the bank about a basic chequing account; a SIN is not the identification requirement for every account.,2026-09-26
rbc-newcomer-account,RBC newcomer banking,first-week,banking,Explore RBC bank accounts and ways to open an account as a newcomer to Canada.,Online; local branch options vary,Website available anytime; branch hours vary,https://www.rbcroyalbank.com/new-to-canada/,"Check eligibility, monthly fees after any introductory period, and required identification.",2026-09-27
bmo-newcomer-account,BMO newcomer banking,first-week,banking,See BMO newcomer bank accounts and online account-opening options.,Online; local branch options vary,Website available anytime; branch hours vary,https://www.bmo.com/en-ca/main/personal/newcomers-to-canada/,Compare account features and confirm documents and eligibility before applying.,2026-09-27
cibc-newcomer-account,CIBC newcomer banking,first-week,banking,Explore the CIBC Smart Account for Newcomers and start an online application.,Online; local branch options vary,Website available anytime; branch hours vary,https://www.cibc.com/en/journeys/banking-offers-for-newcomers/smart-account-for-newcomers.html,"Check eligibility, required documents, monthly fees and offer conditions.",2026-09-27
td-newcomer-account,TD newcomer banking,first-week,banking,Compare TD newcomer bank accounts and learn how to open one.,Online; local branch options vary,Website available anytime; branch hours vary,https://www.td.com/ca/en/personal-banking/solutions/new-to-canada/bank-accounts-for-newcomers,"Check documents, fees and whether an in-person appointment is needed.",2026-09-27
scotiabank-newcomer-account,Scotiabank newcomer banking,first-week,banking,Explore Scotiabank chequing accounts and banking options for newcomers.,Online; local branch options vary,Website available anytime; branch hours vary,https://www.scotiabank.com/ca/en/personal/bank-accounts/chequing-accounts/new-to-canada.html,"Review eligibility, account fees and terms of any newcomer offer.",2026-09-27
national-bank-newcomer-account,National Bank newcomer banking,first-week,banking,Learn about National Bank newcomer accounts and how to apply.,Online; local branch options vary,Website available anytime; branch hours vary,https://www.nbc.ca/personal/accounts/newcomers.html,"Check account eligibility, branch options and fees before opening.",2026-09-27
simplii-newcomer-account,Simplii Financial newcomer banking,first-week,banking,Explore Simplii Financial online banking for newcomers and apply online.,Online; local branch options vary,Website available anytime; branch hours vary,https://www.simplii.com/en/banking-simplii/join-simplii/new-to-canada.html,This is an online bank; check eligibility and how you will access cash and support.,2026-09-27
home-internet,Rogers home internet,first-week,internet,See Rogers home internet options in Fredericton and check your address.,Online,Website available anytime,https://www.rogers.com/internet/new-brunswick/fredericton,"Enter your exact address to confirm service, speed, equipment and installation costs.",2026-09-26
bell-home-internet,Bell home internet,first-week,internet,Compare Bell home internet plans and availability in New Brunswick.,Online,Website available anytime,https://www.bell.ca/Bell_Internet/Internet_access,Choose New Brunswick and enter your address to confirm fibre availability and installation details.,2026-09-26
teksavvy-home-internet,TekSavvy home internet,first-week,internet,"Explore TekSavvy internet service in New Brunswick, including Fredericton.",Online,Website available anytime,https://www.teksavvy.com/locations/new-brunswick/,Check service at your exact address; packages depend on the connection available there.,2026-09-26
mcaf-intake,MCAF newcomer registration,first-week,settlement,Register with the Multicultural Association of Fredericton to access settlement guidance and programs.,"28 Saunders St, Fredericton",Call to confirm,https://mcaf.nb.ca/en/newcomer/,Ask the intake team which services fit your immigration status.,2026-09-26
nb-power,Start NB Power service,first-week,paperwork,Set up electricity for your home when the bill will be in your name.,Online / your home address,Online request; call to confirm activation,https://www.nbpower.com/en/products-services/moving/new-customer-checklist,Have the full address and move-in date ready; ask the landlord first if power is included.,2026-09-26
water-sewer,Fredericton water and sewer,first-week,paperwork,Find city water and sewer information and how utility bills are handled.,"Service Fredericton, 397 Queen St",Call to confirm,https://www.fredericton.ca/resident-services/water-sewer,Ask your landlord whether utilities are included in rent.,2026-09-26
city-service,Service Fredericton,first-week,paperwork,"City service desk for municipal questions, transit passes and water or sewer billing.","397 Queen St, Fredericton",Call to confirm,https://www.fredericton.ca/resident-services/service-centre,Call 506-460-2020 for city service questions.,2026-09-26
mcaf-settlement,MCAF settlement support,first-week,settlement,"Get local orientation about housing, banking, schools and government services.","28 Saunders St, Fredericton",Call to confirm,https://mcaf.nb.ca/en/settlement-services/,Services may depend on eligibility; begin with intake.,2026-09-26
new-to-fredericton,City newcomer guide,first-week,settlement,Use the City of Fredericton’s guide to basic services and neighbourhood information.,Online,Online anytime,https://www.fredericton.ca/community-culture/new-fredericton,Start here when you do not know which local office handles a task.,2026-09-26
boyce-market,Fredericton Boyce Farmers Market,daily-life,grocery,"Saturday market for produce, prepared food and local goods.","665 George St, Fredericton",Saturday 7 a.m.–1 p.m.; check holidays,https://frederictonfarmersmarket.ca/,Check the current market calendar before going.,2026-09-26
giant-tiger-south,Giant Tiger — Smythe Street,daily-life,grocery,"Budget clothing, home items and pantry groceries on the south side.","1160 Smythe St, Fredericton",Call to confirm,https://stores.gianttiger.com/nb/fredericton/fredericton-smythe-st-00175.html,Check the store flyer for current prices.,2026-09-26
lawtons-brookside,Lawtons Brookside Mall,daily-life,self-care,North-side pharmacy and shop for prescriptions and everyday personal-care items.,"435 Brookside Dr, Unit 5, Fredericton",Store: Mon–Sat 9 a.m.–9 p.m.; Sun noon–5 p.m.; confirm pharmacy hours,https://lawtons.ca/stores/brookside-mall/,Call the pharmacy to confirm services and appointment needs.,2026-09-26
isaacs-way,Isaac’s Way restaurant,daily-life,food,Downtown restaurant with a menu online when you want a place to eat.,"649 Queen St, Fredericton",Mon–Fri 11:30 a.m.–9 p.m.; Sat–Sun 10 a.m.–9 p.m.,https://isaacsway.ca/,Check menu and reservations before going.,2026-09-26
dollarama-main,Dollarama — Main Street,daily-life,grocery,"Low-cost household basics, school supplies and small pantry items.","102 Main St, Fredericton",Mon–Sat 8 a.m.–9 p.m.; Sun 9 a.m.–5 p.m.,https://www.dollarama.com/en-CA/locations/nb/fredericton-102-main-st/,Check the shelf price and package size.,2026-09-26
greener-food,Greener Village food bank,daily-life,grocery,Food support for eligible people in the Fredericton area.,"686 Riverside Dr, Fredericton",Mon–Thu 9 a.m.–3 p.m.; closed 12–12:30 p.m.,https://www.greenervillage.ca/client-faq/,Check registration and visit rules before going.,2026-09-26
unique-boutique,Unique Boutique thrift store,daily-life,other,Second-hand clothing and household goods at Greener Village.,"686 Riverside Dr, Fredericton",Mon–Fri 9 a.m.–5 p.m.; Sat 9 a.m.–4 p.m.,https://www.greenervillage.ca/programs/,A practical stop for affordable home essentials.,2026-09-26
library-downtown,Fredericton Public Library,daily-life,other,"Public library with books, community space and access to library services.","12 Carleton St, Fredericton",Call to confirm,https://www1.gnb.ca/0003/pages/en/biblio-e.asp?CODE=YF,Ask staff how to get a library card.,2026-09-26
oskar-barber,Oskar Barbershop,daily-life,self-care,Downtown barbershop for a haircut or beard trim with online booking.,"266 York St, Fredericton",Mon–Sat 9 a.m.–7 p.m.,https://www.oskarbarbershop.ca/,Book or call ahead to confirm availability.,2026-09-26
recycling,Fredericton recycling,daily-life,other,Find the current recycling calendar and what belongs in each collection stream.,Your home address,Collection varies by address,https://www.fredericton.ca/resident-services/garbage-recycling-waste-reduction/recycling,Check your address; 2026 collection arrangements have changed.,2026-09-26
uride,Uride Fredericton,transport,ride-apps,"App-based ride service in Fredericton for requesting a car, similar to Uber.",App only,Availability varies in app,https://www.uride.co/locations/fredericton,Download the app before you need a ride; check actual driver availability.,2026-09-26
transit-routes,Fredericton Transit schedules,transport,fredericton-public-transit,"Find bus routes and weekday, Saturday and Sunday schedules before travelling.",Citywide,Schedules vary by route and day,https://www.fredericton.ca/resident-services/fredericton-transit/schedule-maps,Check the last bus before making evening plans or a grocery trip.,2026-09-26
myride,MyRide live bus arrivals,transport,fredericton-public-transit,See estimated bus arrivals and service changes for your stop on your phone.,Web app,Check live service,https://myride.fredericton.ca/,Use the four-digit stop number or select a route.,2026-09-26
transit-fares,Fredericton Transit fares,transport,fredericton-public-transit,"Check current bus fares, passes and contactless debit or credit payment.",City buses / City Hall,Bus hours vary by route,https://www.fredericton.ca/resident-services/fredericton-transit/fares,A UNB or STU student may already have a U-Pass; check your student account.,2026-09-26
campus-connect,Route 300 Campus Connect,transport,fredericton-public-transit,Bus connection serving student destinations and neighbourhoods around Fredericton.,Route 300 stops,Check timetable,https://www.fredericton.ca/route-300,This route started in June 2026; confirm the current map.,2026-09-26
on-demand-bus,On-demand transit,transport,fredericton-public-transit,Request transit service on the city’s on-demand routes instead of waiting for a fixed timetable.,Eligible bus stops on routes 18 and 20,Booking and service times vary,https://www.fredericton.ca/city-government/news/city-fredericton-launches-demand-transit-service-routes-18-and-20,Check whether your trip is inside the service area.,2026-09-26
airport-ground,Fredericton airport ground transport,transport,taxis-and-cabs,"Find taxi, rideshare and rental car information for travel between the airport and town.",Fredericton International Airport,Flight and provider schedules vary,https://yfcfredericton.ca/transportation/ground-transportation-services/,"Arrange arrival transport in advance, especially late at night.",2026-09-26
city-parking,Fredericton paid parking,transport,other,Learn where and when to pay for city street and lot parking.,Downtown parking locations,Payment rules vary by location,https://www.fredericton.ca/resident-services/parking/pay-parking,East End Garage has different payment hours from other city parking.,2026-09-26
mcaf-groups,MCAF newcomer groups,social,interests,"Meet other newcomers through conversation, arts, sport and social groups.","MCAF, 28 Saunders St",Contact for current schedule,https://mcaf.nb.ca/en/newcomer-groups/,Ask about group eligibility and current dates.,2026-09-26
first-friends,First Fredericton Friends,social,interests,"Volunteer match that introduces newcomers to people, places and activities.","MCAF, 28 Saunders St",Contact for matching,https://mcaf.nb.ca/en/resettlement-assistance-program-2/,Start with MCAF intake to ask if the program fits you.,2026-09-26
mcaf-volunteer,Volunteer with MCAF,social,interests,Meet people while helping with newcomer events or conversation practice.,"MCAF, 28 Saunders St",Opportunities vary,https://mcaf.nb.ca/en/become-a-volunteer-2/,Contact the volunteer coordinator about openings.,2026-09-26
mcaf-language,MCAF language classes,social,workshops-and-activities,Join eligible English classes or ask for support finding French learning options.,"28 Saunders St, Fredericton",Class schedules vary,https://mcaf.nb.ca/en/learn-english/,Registration and eligibility are handled through MCAF intake.,2026-09-26
city-events,Fredericton events calendar,social,workshops-and-activities,"Find local festivals, performances and community activities by date.",Locations vary across Fredericton,Event schedules vary,https://www.fredericton.ca/community-culture/calendar-events,Check each event page before leaving home.,2026-09-26
city-programs,Fredericton recreation programs,social,workshops-and-activities,"Search classes, workshops, sports and seasonal activities run by the city.",City facilities; location varies,Program schedules vary,https://www.fredericton.ca/recreation-leisure/programs-activities,Some registrations require a city Rec Card.,2026-09-26
playhouse,Fredericton Playhouse,social,workshops-and-activities,"Find live music, theatre, comedy and other performances downtown.","686 Queen St, Fredericton",By event; box office hours vary,https://www.theplayhouse.ca/en/schedule-and-tickets-calendar,Check the event listing for tickets and accessibility.,2026-09-26
beaverbrook,Beaverbrook Art Gallery,social,workshops-and-activities,Visit art exhibitions and programs near the downtown riverfront.,"703 Queen St, Fredericton","Mon–Wed, Fri–Sun 10 a.m.–5 p.m.; Thu 10 a.m.–9 p.m.",https://beaverbrookartgallery.org/visit/visitor-information/,Check admission and special holiday hours.,2026-09-26
medicare-eligibility,NB Medicare eligibility,health-insurance,coverage-plans,Check whether your immigration or residency situation qualifies for provincial health coverage.,Online / Service New Brunswick,Online anytime,https://www2.gnb.ca/content/gnb/en/departments/health/DrugPlans/content/medicare/Eligibility.html,Eligible full-time international students can apply; exchange and part-time students are excluded under this policy.,2026-09-26
medicare-apply,Apply for NB Medicare,health-insurance,coverage-plans,"Read the application and required documents, including the rules for eligible international students.",Online / Service New Brunswick,Online anytime,https://www2.gnb.ca/content/gnb/en/departments/health/DrugPlans/content/medicare/ApplyingforaCard.html,Coverage is assessed individually; do not assume it begins before confirmation.,2026-09-26
unb-insurance,UNB international health insurance,health-insurance,coverage-plans,"Check guard.me enrolment, Medicare opt-out rules and university insurance deadlines.",UNB / online,Online information; deadlines by term,https://www.unb.ca/finance/financial-services/health-insurance.html,A valid NB Medicare card or confirmation may allow an opt-out by the deadline.,2026-09-26
nb-health-link,NB Health Link,health-insurance,other,Join the provincial list for a primary care provider and access interim care while waiting.,Online / phone,Mon–Fri 9 a.m.–4 p.m.,https://www.gnb.ca/en/campaign/accessing-health-care-nb.html,Register online or call 1-833-354-2300.,2026-09-26
telecare-811,Tele-Care 811,health-insurance,other,Call a nurse for help finding an appropriate non-emergency care service.,Phone: 811,24/7,https://www.gnb.ca/en/campaign/accessing-health-care-nb.html,"For an emergency, call 911.",2026-09-26
downtown-health,Fredericton Downtown Community Health Centre,health-insurance,other,Book a limited same-day nurse practitioner appointment; in-person walk-ins are not accepted.,"339 King St, Fredericton",Mon–Fri; call to confirm appointment times,https://horizonnb.ca/facilities/fredericton-downtown-community-health-centre/,Call 506-452-5689 or use the booking link on Horizon’s page.,2026-09-26
urgent-treatment,Fredericton Urgent Treatment Centre,health-insurance,other,"Horizon facility for urgent, non-emergency care; registration is in person.","435 Brookside Dr, Fredericton",Mon–Fri 9 a.m.–5 p.m.; closed holidays,https://horizonnb.ca/facilities/fredericton-urgent-treatment-centre/,Patients are assessed by triage; check the official page before visiting.,2026-09-26
pharmacy-services,NB pharmacy services,health-insurance,pharmacies,Learn which publicly funded services local pharmacists may offer and how to access them.,Participating Fredericton pharmacies,Varies; call pharmacy to confirm,https://www.gnb.ca/en/topic/health-wellness/access-health-care/pharmacy-services.html,Coverage and eligibility vary; call ahead for an appointment.,2026-09-26
restaurants-directory,Fredericton restaurants directory,daily-life,food,Browse restaurants and cafés around Fredericton by cuisine and area.,Fredericton and capital region,Check linked page for current hours,https://www.frederictoncapitalregion.ca/eat-drink/restaurants-bistros,Use the directory to find more choices; confirm opening hours and menu with the restaurant.,2026-09-26
caribbean-flavas,Caribbean Flavas,daily-life,food,Caribbean restaurant with dine-in meals in downtown Fredericton.,"123 York St, Fredericton",Check linked page for current hours,https://www.frederictoncapitalregion.ca/eat-drink/restaurants-cafes/caribbean-flavas-restaurant,Check the current menu and hours before visiting.,2026-09-26
namaste-bistro,Namaste Bistro,daily-life,food,Indian restaurant with curries and dine-in or takeout options.,"5 Acorn St, Fredericton",Check linked page for current hours,https://www.frederictoncapitalregion.ca/eat-drink/restaurants-cafes/namaste-bistro,Check the current menu and hours before visiting.,2026-09-26
naru-japanese,Naru Japanese Cuisine,daily-life,food,Downtown Japanese restaurant serving sushi for dine-in or takeout.,"536 Queen St, Fredericton",Check linked page for current hours,https://www.frederictoncapitalregion.ca/eat-drink/restaurants-cafes/naru-japanese-cuisine,Check the current menu and hours before visiting.,2026-09-26
byblos,Byblos Restaurant & Bar,daily-life,food,Downtown Lebanese restaurant serving shared plates and entrées.,"215 Queen St, Fredericton",Check linked page for current hours,https://www.frederictoncapitalregion.ca/eat-drink/restaurants-cafes/byblos-restaurant-bar,Check the current menu and hours before visiting.,2026-09-26
decrh-hospital,Dr. Everett Chalmers Regional Hospital,health-insurance,hospitals,Find Fredericton’s regional hospital and emergency department.,"700 Priestman St, Fredericton",Check linked page for current hours,https://horizonnb.ca/facilities/dr-everett-chalmers-regional-hospital/,"For a life-threatening emergency, call 911. Ask about charges if you do not yet have valid coverage.",2026-09-26
oromocto-hospital,Oromocto Public Hospital,health-insurance,hospitals,Find the nearby Oromocto hospital and its emergency department.,"103 Winnebago St, Oromocto",Check linked page for current hours,https://horizonnb.ca/services/emergency-department/,"Check the current service status before travelling. For a life-threatening emergency, call 911.",2026-09-26
find-medical-clinic,Find a medical clinic,health-insurance,other,Find non-emergency medical clinics and current clinic listings in New Brunswick.,Online directory; locations vary,Check linked page for current hours,https://www.gnb.ca/en/topic/health-wellness/access-health-care/medical-clinics.html,Many clinics need a same-day booking before you arrive. Ask about fees and accepted insurance.,2026-09-26
fredericton-public-health,Fredericton Public Health Clinic,health-insurance,other,Find the Fredericton Public Health location and contact details for public health services.,"300 St. Mary’s St, Room 1200, Fredericton",Check linked page for current hours,https://www.gnb.ca/en/topic/health-wellness/access-health-care/public-health-clinics.html,Call 506-453-5200 to confirm which service is offered and whether an appointment is needed.,2026-09-26
virtual-care-nb,Virtual Care NB,health-insurance,other,Learn about virtual appointments for common non-emergency health problems.,Online or Tele-Care 811,Check linked page for current hours,https://www.gnb.ca/en/topic/health-wellness/access-health-care/virtual-care.html,A valid New Brunswick Medicare card is required for this provincial service.,2026-09-26
medicare-covered-services,Check what NB Medicare covers,health-insurance,coverage-plans,"Read the provincial list of insured and uninsured services, including hospital care, medicines and dental care.",Online,Check linked page for current hours,https://www2.gnb.ca/content/gnb/en/departments/health/DrugPlans/content/medicare/CoverageandClaimsInsideNewBrunswick.html,Medicare does not cover every service. Confirm a specific bill with the provider or the province.,2026-09-26
nb-drug-plan,New Brunswick Drug Plan,health-insurance,coverage-plans,Learn how eligible New Brunswick residents without prescription drug insurance can enrol in a drug plan.,Online,Check linked page for current hours,https://www.gnb.ca/en/topic/health-wellness/nb-drug-plans.html,"Check eligibility, premiums and co-payments before enrolling; this is separate from Medicare.",2026-09-26
nb-drug-formulary,Check prescription drug coverage,health-insurance,coverage-plans,Search the New Brunswick Drug Plans formulary to see which medicines may be covered.,Online,Check linked page for current hours,https://www.gnb.ca/en/topic/health-wellness/nb-drug-plans/drug-plans-formulary.html,Being listed does not guarantee your own plan will pay. Confirm your plan and any special authorization.,2026-09-26
unb-guardme-coverage,UNB international student insurance details,health-insurance,coverage-plans,"Check UNB’s guard.me emergency plan, enrollment, opt-out rules and policy details.",Online,Check linked page for current hours,https://www.unb.ca/finance/financial-services/health-insurance.html,"Check your own policy for covered services, exclusions and dates before treatment.",2026-09-26
canadian-dental-plan,Canadian Dental Care Plan,health-insurance,coverage-plans,Check eligibility for federal dental coverage and find how to apply.,Online,Check linked page for current hours,https://www.canada.ca/en/services/benefits/dental/dental-care-plan.html,"Eligibility depends on several criteria, including access to other dental coverage.",2026-09-26
checker-cab,Checker Cab,transport,taxis-and-cabs,Fredericton taxi service for city trips and airport rides. Call 506-450-8294 or book online.,"3 Homestead Dr, Fredericton",24/7,https://www.checkercab.ca/contact-us,Ask for an accessible vehicle if needed; confirm pickup and fare when booking.,2026-09-26
trius-taxi,Trius Taxi,transport,taxis-and-cabs,Fredericton taxi and shuttle service. Call 506-454-4444 to book or ask for a quote.,Fredericton; pickup locations vary,24-hour service; call to confirm availability,https://www.triustaxi.com/,"Confirm the fare, pickup location and payment method when booking.",2026-09-26
loyal-taxi,Loyal Taxi,transport,taxis-and-cabs,"Fredericton taxi service with phone, online and app booking. Call 506-455-6789.","380 St. Mary’s St, Fredericton",Call to confirm availability,https://www.loyaltaxicab.com/,"Confirm your pickup location, estimated wait and fare before travelling.",2026-09-26
klub-khrome,Klub Khrome,social,nightlife,"Downtown nightclub with DJs, dancing and special events.","375 King St, Fredericton",Event hours vary; check the current listing,https://www.klubkhrome.ca/events/,"Call 506-206-5582 or check the event page for hours, tickets and entry requirements.",2026-09-26
the-cap,The Cap,social,nightlife,"Downtown live-music venue with shows, comedy and local arts events.","362 Queen St, Fredericton",Showtimes vary by event,https://www.thecaplive.com/events-list,"Check the event listing for tickets, age restrictions and showtime.",2026-09-26
monarch-night-club,Monarch Night Club,social,nightlife,"LGBTQ+ nightclub featuring drag shows, karaoke and dance events.","474 Queen St, Fredericton",Event hours vary; check the current listing,https://www.frederictoncapitalregion.ca/eat-drink/pubs-clubs/monarch-night-club,"Check Monarch’s current event posts for admission, tickets and age requirements.",2026-09-26
unplugged-games,Unplugged Board Games Café,social,interests,Play board games with friends or meet people at this downtown games café.,"418 Queen St, Fredericton",Wed–Thu 5–9 p.m.; Fri 5–11 p.m.; Sat noon–11 p.m.; Sun noon–9 p.m.,https://www.unpluggedgamescafe.com/,Games have an admission charge; check the site for current price and holiday hours.,2026-09-26
capital-city-road-runners,Capital City Road Runners & Walkers,social,clubs,Join group runs and walks with people of varied abilities in Fredericton.,Usually starts at UNB Currie Centre,Thu 5:30 p.m.; Sat 8:30 a.m.; confirm before going,https://www.ccrr.ca/,Check membership information and the latest meeting location before joining.,2026-09-26
photo-fredericton,Photo Fredericton,social,clubs,"Photography club with meetings, competitions and opportunities to share ideas.","Usually St. Thomas University, Sir James Dunn Hall, Room G5","Typically second and fourth Tuesdays, Sept–May, 7–9 p.m.; confirm dates",https://www.photofredericton.ca/,Check upcoming club dates and membership details before attending.,2026-09-26
fredericton-bouldering,Fredericton Bouldering Co-op,social,clubs,Try indoor climbing and meet people through events and group activities.,"528 Smythe St, Fredericton",Drop-in times vary; see live calendar,https://www.fbcwall.com/,"Check first-visit pricing, waiver requirements and the drop-in schedule.",2026-09-26
avalon-downtown,Avalon SalonSpa — Downtown,daily-life,self-care,"Downtown hair salon offering cuts and colour, with spa services available.","318 Brunswick St, Fredericton",Mon and Fri 9 a.m.–5 p.m.; Tue–Thu 9 a.m.–9 p.m.; Sat 9 a.m.–3 p.m.,https://avalonspa.com/contact,Call 506-472-1772 or book ahead; Avalon also has Northside and Uptown locations.,2026-09-26
salon-791,Salon 791,daily-life,self-care,"Northside salon offering haircuts and colour, nails and other beauty services.","791 St. Marys St, Fredericton",Mon 10 a.m.–4 p.m.; Tue 8:30 a.m.–6 p.m.; Wed–Thu 8:30 a.m.–8 p.m.; Fri 8:30 a.m.–4 p.m.; Sat 10 a.m.–4 p.m.,https://salon791.ca/contact,Call 506-206-1500 for appointments or service details; walk-ins may be available.,2026-09-26
mark-hayward-hair,Mark Hayward Hair,daily-life,self-care,"Hair studio with cuts, colour and beard trims, using hair-length-based pricing.","640 Prospect St, Suite 109, Fredericton",By appointment; check booking page,https://markhayward.hair/services/,Services are for adults 18 and older; check the site for payment methods and current prices.,2026-09-26
royal-barbershop-downtown,The Royal Barbershop — Downtown,daily-life,self-care,"Downtown barbershop for haircuts, beard trims and hot towel shaves.","530 Queen St, Fredericton",Call or book to confirm hours,https://royalbarbershop.ca/contact-us/,Call 506-206-6680; a second location is at 69 Cityview Dr on the Northside.,2026-09-26
tip-top-barbershop,Tip Top Barber Shop,daily-life,self-care,Downtown barbershop offering haircuts and online appointments.,"397 King St, Fredericton",Mon–Fri 9:30 a.m.–7 p.m.; Sat 9:30 a.m.–6 p.m.,https://www.tiptopbarbershop.net/,Call 506-206-5150 or book online; confirm holiday hours.,2026-09-26
spa-654-club,The Spa 654 Club,daily-life,self-care,"Fredericton spa offering facials, relaxation and massage services.","654 Bishop Dr, Fredericton",Tue–Sat; confirm appointment times,https://www.thespa654club.com/,"Call 506-474-1772 for current services, prices and bookings.",2026-09-26
rosieskin-spa,RosieSKIN Salon & Spa,daily-life,self-care,"Boutique spa offering facials, relaxation treatments, manicures and pedicures.","693 Golf Club Rd, Fredericton",Mon–Fri 10 a.m.–9 p.m.; Sat 10 a.m.–5 p.m.,https://www.rosieskinspa.com/,Call 506-262-5855 or book ahead; confirm the service and price.,2026-09-26
nails-by-phong,Nails By Phong,daily-life,self-care,"Nail studio offering manicures, pedicures, gel and acrylic sets.","10 Trinity Ave, Unit G203, Fredericton",Call to confirm hours,https://www.nailsbyphong.ca/,Call 506-429-6999 for appointments and current prices.,2026-09-26
lm-glamour-nails,LM Glamour Nails,daily-life,self-care,"Nail salon offering manicures, pedicures and custom nail art.","138B Dundonald St, Fredericton",Check booking page for current hours,https://lmglamournailsfredericton.com/,Call 506-470-6862 or book online; confirm pricing for detailed art.,2026-09-26
the-ten-spot,THE TEN SPOT — Fredericton,daily-life,self-care,"Downtown beauty bar offering manicures, pedicures and other personal-care services.","343 Queen St, Suite 101A, Fredericton",Mon–Tue 10 a.m.–6 p.m.; Wed–Fri 10 a.m.–8 p.m.; Sat–Sun 10 a.m.–6 p.m.,https://thetenspot.com/fredericton/,Call 506-454-1717 or book online; check service availability and prices.,2026-09-26
